<?xml version="1.0" encoding="UTF-8"?>
<project-private xmlns="http://www.netbeans.org/ns/project-private/1">
    <editor-bookmarks xmlns="http://www.netbeans.org/ns/editor-bookmarks/2" lastBookmarkId="0"/>
    <open-files xmlns="http://www.netbeans.org/ns/projectui-open-files/2">
        <group>
            <file>file:/C:/Users/ASUS/Documents/Diploma/Diploma%20Sem%204/(OOP)%20Object%20Oriented%20Programmming/Assignment/Java%20Final%20Assignment/Final%20Assignment%20(Final)/Final%20Assignment/final/final1/src/final1/hospitals.txt</file>
            <file>file:/C:/Users/ASUS/Documents/Diploma/Diploma%20Sem%204/(OOP)%20Object%20Oriented%20Programmming/Assignment/Java%20Final%20Assignment/Final%20Assignment%20(Final)/Final%20Assignment/final/final1/src/final1/ppe.txt</file>
            <file>file:/C:/Users/ASUS/Documents/Diploma/Diploma%20Sem%204/(OOP)%20Object%20Oriented%20Programmming/Assignment/Java%20Final%20Assignment/Final%20Assignment%20(Final)/Final%20Assignment/final/final1/src/final1/login.java</file>
            <file>file:/C:/Users/ASUS/Documents/Diploma/Diploma%20Sem%204/(OOP)%20Object%20Oriented%20Programmming/Assignment/Java%20Final%20Assignment/Final%20Assignment%20(Final)/Final%20Assignment/final/final1/src/final1/suppliers.txt</file>
            <file>file:/C:/Users/ASUS/Documents/Diploma/Diploma%20Sem%204/(OOP)%20Object%20Oriented%20Programmming/Assignment/Java%20Final%20Assignment/Final%20Assignment%20(Final)/Final%20Assignment/final/final1/src/final1/user.txt</file>
            <file>file:/C:/Users/ASUS/Documents/Diploma/Diploma%20Sem%204/(OOP)%20Object%20Oriented%20Programmming/Assignment/Java%20Final%20Assignment/Final%20Assignment%20(Final)/Final%20Assignment/final/final1/src/final1/transaction.txt</file>
        </group>
    </open-files>
</project-private>
